rwrmdbnode1,172.17.83.2,bin,Etienne Rwakineza,SA,2022-03-22,2021-12-22,Scripts,102,102,2022-03-22,Etienne Rwakineza,NLCK
rwrmdbnode1,172.17.83.2,shutdown,,,2022-03-22,2021-12-22,,,,,,,NLCK
rwrmdbnode1,172.17.83.2,vasussd,,,2022-03-22,2021-12-22,,,,,,,NLCK
rwrmdbnode1,172.17.83.2,scanness,,,2022-03-22,2021-12-22,,,,,,,NLCK
rwrmdbnode1,172.17.83.2,angem,,,2022-03-22,2021-12-22,,,,,,,NLCK
rwrmdbnode1,172.17.83.2,dheeraj,,,2022-03-22,2021-12-22,,,,,,,NLCK
rwrmdbnode1,172.17.83.2,placidn,,,2022-03-22,2021-12-22,,,,,,,NLCK
rwrmdbnode1,172.17.83.2,sandrk,,,2022-03-22,2021-12-22,,,,,,,NLCK
rwrmdbnode1,172.17.83.2,girish,,,2022-03-22,2021-12-22,,,,,,,NLCK
rwrmdbnode1,172.17.83.2,shubham,,,2022-03-22,2021-12-22,,,,,,,NLCK
rwrmdbnode1,172.17.83.2,ramkumar,,,2022-03-22,2021-12-22,,,,,,,NLCK
rwrmdbnode1,172.17.83.2,dharma,,,2022-03-22,2021-12-22,,,,,,,NLCK
rwrmdbnode1,172.17.83.2,sarath,,,2022-03-22,2021-12-22,,,,,,,NLCK
rwrmdbnode1,172.17.83.2,mutesit,,,2022-03-22,2021-12-22,,,,,,,NLCK
rwrmdbnode1,172.17.83.2,Ranjan2,,,2022-03-22,2021-12-22,,,,,,,NLCK
rwrmdbnode1,172.17.83.2,Yadav,,,2022-03-22,2021-12-22,,,,,,,NLCK
rwrmdbnode1,172.17.83.2,Barkha,,,2022-03-22,2021-12-22,,,,,,,NLCK
rwrmdbnode1,172.17.83.2,Hari,,,2022-03-22,2021-12-22,,,,,,,NLCK
rwrmdbnode1,172.17.83.2,Krinal,,,2022-03-22,2021-12-22,,,,,,,NLCK
rwrmdbnode1,172.17.83.2,Meghana,,,2022-03-22,2021-12-22,,,,,,,NLCK
rwrmdbnode1,172.17.83.2,Narapureddy,,,2022-03-22,2021-12-22,,,,,,,NLCK
rwrmdbnode1,172.17.83.2,Poornima,,,2022-03-22,2021-12-22,,,,,,,NLCK
rwrmdbnode1,172.17.83.2,Prerna,,,2022-03-22,2021-12-22,,,,,,,NLCK
rwrmdbnode1,172.17.83.2,Rahul,,,2022-03-22,2021-12-22,,,,,,,NLCK
rwrmdbnode1,172.17.83.2,Rajveer,,,2022-03-22,2021-12-22,,,,,,,NLCK
rwrmdbnode1,172.17.83.2,Sainath,,,2022-03-22,2021-12-22,,,,,,,NLCK
rwrmdbnode1,172.17.83.2,Sandrala,,,2022-03-22,2021-12-22,,,,,,,NLCK
rwrmdbnode1,172.17.83.2,Sowmya,,,2022-03-22,2021-12-22,,,,,,,NLCK
rwrmdbnode1,172.17.83.2,Varsha,,,2022-03-22,2021-12-22,,,,,,,NLCK
rwrmdbnode1,172.17.83.2,Vidhyasagar,,,2022-03-22,2021-12-22,,,,,,,NLCK
rwrmdbnode1,172.17.83.2,Vyshnave,,,2022-03-22,2021-12-22,,,,,,,NLCK
rwrmdbnode1,172.17.83.2,Danish,,,2022-03-22,2021-12-22,,,,,,,NLCK
rwrmdbnode1,172.17.83.2,Deepak,,,2022-03-22,2021-12-22,,,,,,,NLCK
rwrmdbnode1,172.17.83.2,Dharma,,,2022-03-22,2021-12-22,,,,,,,NLCK
rwrmdbnode1,172.17.83.2,Kanth,,,2022-03-22,2021-12-22,,,,,,,NLCK
rwrmdbnode1,172.17.83.2,Nagar,,,2022-03-22,2021-12-22,,,,,,,NLCK
rwrmdbnode1,172.17.83.2,Reddy,,,2022-03-22,2021-12-22,,,,,,,NLCK
rwrmdbnode1,172.17.83.2,Kishore,,,2022-03-22,2021-12-22,,,,,,,NLCK
rwrmdbnode1,172.17.83.2,Rachana,,,2022-03-22,2021-12-22,,,,,,,NLCK
rwrmdbnode1,172.17.83.2,Shubham,,,2022-03-22,2021-12-22,,,,,,,NLCK
rwrmdbnode1,172.17.83.2,Sharath,,,2022-03-22,2021-12-22,,,,,,,NLCK
rwrmdbnode1,172.17.83.2,Girish,,,2022-03-22,2021-12-22,,,,,,,NLCK
rwrmdbnode1,172.17.83.2,Tejus,,,2022-03-22,2021-12-22,,,,,,,NLCK
rwrmdbnode1,172.17.83.2,Harikumar,,,2022-03-22,2021-12-22,,,,,,,NLCK
rwrmdbnode1,172.17.83.2,Gowri,,,2022-03-22,2021-12-22,,,,,,,NLCK
rwrmdbnode1,172.17.83.2,johnm,,,2022-03-22,2021-12-22,,,,,,,LCK
rwrmdbnode1,172.17.83.2,mpogazimo,,,2022-03-22,2021-12-22,,,,,,,NLCK
rwrmdbnode1,172.17.83.2,daemon,,,2022-03-22,2021-12-22,,,,,,,NLCK
rwrmdbnode1,172.17.83.2,adm,,,2022-03-22,2021-12-22,,,,,,,NLCK
rwrmdbnode1,172.17.83.2,lp,,,2022-03-22,2021-12-22,,,,,,,NLCK
rwrmdbnode1,172.17.83.2,sync,,,2022-03-22,2021-12-22,,,,,,,NLCK
rwrmdbnode1,172.17.83.2,halt,,,2022-03-22,2021-12-22,,,,,,,NLCK
rwrmdbnode1,172.17.83.2,mail,,,2022-03-22,2021-12-22,,,,,,,NLCK
rwrmdbnode1,172.17.83.2,operator,,,2022-03-22,2021-12-22,,,,,,,NLCK
rwrmdbnode1,172.17.83.2,games,,,2022-03-22,2021-12-22,,,,,,,NLCK
rwrmdbnode1,172.17.83.2,ftp,,,2022-03-22,2021-12-22,,,,,,,NLCK
rwrmdbnode1,172.17.83.2,systemd-network,,,2022-03-22,2021-12-22,,,,,,,LCK
rwrmdbnode1,172.17.83.2,dbus,,,2022-03-22,2021-12-22,,,,,,,LCK
rwrmdbnode1,172.17.83.2,polkitd,,,2022-03-22,2021-12-22,,,,,,,LCK
rwrmdbnode1,172.17.83.2,postfix,,,2022-03-22,2021-12-22,,,,,,,LCK
rwrmdbnode1,172.17.83.2,nagios,,,2022-03-22,2021-12-22,,,,,,,LCK
rwrmdbnode1,172.17.83.2,ntp,,,2022-03-22,2021-12-22,,,,,,,LCK
rwrmdbnode1,172.17.83.2,rpc,,,2022-03-22,2021-12-22,,,,,,,LCK
rwrmdbnode1,172.17.83.2,nrpe,,,2022-03-22,2021-12-22,,,,,,,LCK
rwrmdbnode1,172.17.83.2,puppet,,,2022-03-22,2021-12-22,,,,,,,LCK
rwrmdbnode1,172.17.83.2,snmptt,,,2022-03-22,2021-12-22,,,,,,,LCK
rwrmdbnode1,172.17.83.2,sensu,,,2022-03-22,2021-12-22,,,,,,,LCK
rwrmdbnode1,172.17.83.2,redis,,,2022-03-22,2021-12-22,,,,,,,LCK
rwrmdbnode1,172.17.83.2,grafana,,,2022-03-22,2021-12-22,,,,,,,LCK
rwrmdbnode1,172.17.83.2,influxdb,,,2022-03-22,2021-12-22,,,,,,,LCK
rwrmdbnode1,172.17.83.2,telegraf,,,2022-03-22,2021-12-22,,,,,,,LCK
rwrmdbnode1,172.17.83.2,nginx,,,2022-03-22,2021-12-22,,,,,,,LCK
rwrmdbnode1,172.17.83.2,rpcuser,,,2022-03-22,2021-12-22,,,,,,,LCK
rwrmdbnode1,172.17.83.2,nfsnobody,,,2022-03-22,2021-12-22,,,,,,,LCK
rwrmdbnode1,172.17.83.2,tss,,,2022-03-22,2021-12-22,,,,,,,LCK
rwrmdbnode1,172.17.83.2,saned,,,2022-03-22,2021-12-22,,,,,,,LCK
rwrmdbnode1,172.17.83.2,setroubleshoot,,,2022-03-22,2021-12-22,,,,,,,LCK
rwrmdbnode1,172.17.83.2,libstoragemgmt,,,2022-03-22,2021-12-22,,,,,,,LCK
rwrmdbnode1,172.17.83.2,qemu,,,2022-03-22,2021-12-22,,,,,,,LCK
rwrmdbnode1,172.17.83.2,usbmuxd,,,2022-03-22,2021-12-22,,,,,,,LCK
rwrmdbnode1,172.17.83.2,rtkit,,,2022-03-22,2021-12-22,,,,,,,LCK
rwrmdbnode1,172.17.83.2,radvd,,,2022-03-22,2021-12-22,,,,,,,LCK
rwrmdbnode1,172.17.83.2,unbound,,,2022-03-22,2021-12-22,,,,,,,LCK
rwrmdbnode1,172.17.83.2,gluster,,,2022-03-22,2021-12-22,,,,,,,LCK
rwrmdbnode1,172.17.83.2,saslauth,,,2022-03-22,2021-12-22,,,,,,,LCK
rwrmdbnode1,172.17.83.2,chrony,,,2022-03-22,2021-12-22,,,,,,,LCK
rwrmdbnode1,172.17.83.2,colord,,,2022-03-22,2021-12-22,,,,,,,LCK
rwrmdbnode1,172.17.83.2,geoclue,,,2022-03-22,2021-12-22,,,,,,,LCK
rwrmdbnode1,172.17.83.2,abrt,,,2022-03-22,2021-12-22,,,,,,,LCK
rwrmdbnode1,172.17.83.2,pulse,,,2022-03-22,2021-12-22,,,,,,,LCK
rwrmdbnode1,172.17.83.2,gdm,,,2022-03-22,2021-12-22,,,,,,,LCK
rwrmdbnode1,172.17.83.2,gnome-initial-setup,,,2022-03-22,2021-12-22,,,,,,,LCK
rwrmdbnode1,172.17.83.2,avahi,,,2022-03-22,2021-12-22,,,,,,,LCK
rwrmdbnode1,172.17.83.2,tcpdump,,,2022-03-22,2021-12-22,,,,,,,LCK
rwrmdbnode1,172.17.83.2,nscd,,,2022-03-22,2021-12-22,,,,,,,LCK
rwrmdbnode1,172.17.83.2,apache,,,2022-03-22,2021-12-22,,,,,,,LCK
rwrmdbnode1,172.17.83.2,inuser,,,2022-03-22,2021-12-22,,,,,,,NLCK
rwrmdbnode1,172.17.83.2,Comviva,,,2022-03-22,2021-12-22,,,,,,,NLCK
rwrmdbnode1,172.17.83.2,nessus01,,,2022-03-22,2021-12-22,,,,,,,NLCK
rwrmdbnode1,172.17.83.2,samlcl,,,2022-03-22,2021-12-22,,,,,,,NLCK
rwrmdbnode1,172.17.83.2,coroqnetd,,,2022-03-22,2021-12-22,,,,,,,LCK
rwrmdbnode1,172.17.83.2,cyizaf,,,2022-03-22,2021-12-22,,,,,,,NLCK
