rwrmedb01c,127.0.0.1 10.150.95.63,bin,Etienne Rwakineza,SA,2022-03-23,2021-12-23,Scripts,31,31,2022-03-23,Etienne Rwakineza,NLCK
rwrmedb01c,127.0.0.1 10.150.95.63,shutdown,,,2022-03-23,2021-12-23,,,,,,,NLCK
rwrmedb01c,127.0.0.1 10.150.95.63,ersuser,,,2022-03-23,2021-12-23,,,,,,,LCK
rwrmedb01c,127.0.0.1 10.150.95.63,seamless_emmanuel,,,2022-03-23,2021-12-23,,,,,,,LCK
rwrmedb01c,127.0.0.1 10.150.95.63,daemon,,,2022-03-23,2021-12-23,,,,,,,NLCK
rwrmedb01c,127.0.0.1 10.150.95.63,adm,,,2022-03-23,2021-12-23,,,,,,,NLCK
rwrmedb01c,127.0.0.1 10.150.95.63,lp,,,2022-03-23,2021-12-23,,,,,,,NLCK
rwrmedb01c,127.0.0.1 10.150.95.63,sync,,,2022-03-23,2021-12-23,,,,,,,NLCK
rwrmedb01c,127.0.0.1 10.150.95.63,halt,,,2022-03-23,2021-12-23,,,,,,,NLCK
rwrmedb01c,127.0.0.1 10.150.95.63,mail,,,2022-03-23,2021-12-23,,,,,,,NLCK
rwrmedb01c,127.0.0.1 10.150.95.63,operator,,,2022-03-23,2021-12-23,,,,,,,NLCK
rwrmedb01c,127.0.0.1 10.150.95.63,games,,,2022-03-23,2021-12-23,,,,,,,NLCK
rwrmedb01c,127.0.0.1 10.150.95.63,ftp,,,2022-03-23,2021-12-23,,,,,,,NLCK
rwrmedb01c,127.0.0.1 10.150.95.63,systemd-network,,,2022-03-23,2021-12-23,,,,,,,LCK
rwrmedb01c,127.0.0.1 10.150.95.63,dbus,,,2022-03-23,2021-12-23,,,,,,,LCK
rwrmedb01c,127.0.0.1 10.150.95.63,polkitd,,,2022-03-23,2021-12-23,,,,,,,LCK
rwrmedb01c,127.0.0.1 10.150.95.63,postfix,,,2022-03-23,2021-12-23,,,,,,,LCK
rwrmedb01c,127.0.0.1 10.150.95.63,chrony,,,2022-03-23,2021-12-23,,,,,,,LCK
rwrmedb01c,127.0.0.1 10.150.95.63,admin,,,2022-03-23,2021-12-23,,,,,,,LCK
rwrmedb01c,127.0.0.1 10.150.95.63,nagios,,,2022-03-23,2021-12-23,,,,,,,LCK
rwrmedb01c,127.0.0.1 10.150.95.63,nrpe,,,2022-03-23,2021-12-23,,,,,,,LCK
rwrmedb01c,127.0.0.1 10.150.95.63,puppet,,,2022-03-23,2021-12-23,,,,,,,LCK
rwrmedb01c,127.0.0.1 10.150.95.63,munin,,,2022-03-23,2021-12-23,,,,,,,LCK
rwrmedb01c,127.0.0.1 10.150.95.63,ntp,,,2022-03-23,2021-12-23,,,,,,,LCK
rwrmedb01c,127.0.0.1 10.150.95.63,rpc,,,2022-03-23,2021-12-23,,,,,,,LCK
rwrmedb01c,127.0.0.1 10.150.95.63,ansible,,,2022-03-23,2021-12-23,,,,,,,LCK
rwrmedb01c,127.0.0.1 10.150.95.63,tss,,,2022-03-23,2021-12-23,,,,,,,LCK
rwrmedb01c,127.0.0.1 10.150.95.63,servicenw,,,2022-03-23,2021-12-23,,,,,,,LCK
rwrmedb01c,127.0.0.1 10.150.95.63,rpcuser,,,2022-03-23,2021-12-23,,,,,,,LCK
rwrmedb01c,127.0.0.1 10.150.95.63,nfsnobody,,,2022-03-23,2021-12-23,,,,,,,LCK
rwrmedb01c,127.0.0.1 10.150.95.63,rwihimbaff,,,2022-03-23,2021-12-23,,,,,,,LCK
